image_file,label,xmin,ymin,xmax,ymax,width,height
00002361_008_jpg.rf.fd595bcc0aec1e82bb07d697224f4425.jpg,Mass,202,625,348,806,1024,1024
00002361_008_jpg.rf.fd595bcc0aec1e82bb07d697224f4425.jpg,Mass,508,590,651,752,1024,1024
00002361_008_jpg.rf.fd595bcc0aec1e82bb07d697224f4425.jpg,Nodule,343,427,393,500,1024,1024
00002361_008_jpg.rf.fd595bcc0aec1e82bb07d697224f4425.jpg,Nodule,575,451,605,498,1024,1024
00002361_008_jpg.rf.fd595bcc0aec1e82bb07d697224f4425.jpg,Nodule,623,486,664,527,1024,1024
00002361_008_jpg.rf.fd595bcc0aec1e82bb07d697224f4425.jpg,Mass,116,598,258,803,1024,1024
00003285_001_jpg.rf.3e524bd54d830c5bdcb204c7ef807d69.jpg,Nodule,641,421,685,454,1024,1024
00003285_001_jpg.rf.3e524bd54d830c5bdcb204c7ef807d69.jpg,Nodule,88,573,143,639,1024,1024
00003285_001_jpg.rf.3e524bd54d830c5bdcb204c7ef807d69.jpg,Nodule,48,664,98,725,1024,1024
00003285_001_jpg.rf.3e524bd54d830c5bdcb204c7ef807d69.jpg,Nodule,657,108,712,193,1024,1024
00003285_001_jpg.rf.3e524bd54d830c5bdcb204c7ef807d69.jpg,Nodule,610,221,646,268,1024,1024
00003285_001_jpg.rf.3e524bd54d830c5bdcb204c7ef807d69.jpg,Nodule,320,492,339,526,1024,1024
00004132_006_jpg.rf.c61d3e3410d39d8a61dba9a67475657e.jpg,Nodule,190,614,243,665,1024,1024
00004132_006_jpg.rf.c61d3e3410d39d8a61dba9a67475657e.jpg,Nodule,87,717,143,761,1024,1024
00004132_006_jpg.rf.c61d3e3410d39d8a61dba9a67475657e.jpg,Mass,680,499,907,683,1024,1024
00004132_006_jpg.rf.c61d3e3410d39d8a61dba9a67475657e.jpg,Nodule,701,423,762,465,1024,1024
00004132_006_jpg.rf.c61d3e3410d39d8a61dba9a67475657e.jpg,Nodule,694,348,743,391,1024,1024
00004132_006_jpg.rf.c61d3e3410d39d8a61dba9a67475657e.jpg,Nodule,253,479,317,537,1024,1024
00004520_000_jpg.rf.a4bed63d5092ff1265bdcb9d9f211a64.jpg,Mass,771,366,889,551,1024,1024
00005448_022_jpg.rf.f8d775cae3cda90c3a7d87644f3b01f3.jpg,Mass,297,340,392,446,1024,1024
00005448_022_jpg.rf.f8d775cae3cda90c3a7d87644f3b01f3.jpg,Mass,696,368,851,498,1024,1024
00005448_022_jpg.rf.f8d775cae3cda90c3a7d87644f3b01f3.jpg,Mass,593,384,669,457,1024,1024
00005448_022_jpg.rf.f8d775cae3cda90c3a7d87644f3b01f3.jpg,Mass,636,468,685,526,1024,1024
00005448_022_jpg.rf.f8d775cae3cda90c3a7d87644f3b01f3.jpg,Mass,211,313,262,371,1024,1024
00006558_000_jpg.rf.9f3ffb9d84d7c22ef4f1b815e68b0e83.jpg,Mass,766,628,824,684,1024,1024
00006558_000_jpg.rf.9f3ffb9d84d7c22ef4f1b815e68b0e83.jpg,Mass,693,633,762,716,1024,1024
00006558_000_jpg.rf.9f3ffb9d84d7c22ef4f1b815e68b0e83.jpg,Mass,568,293,694,395,1024,1024
00006558_000_jpg.rf.9f3ffb9d84d7c22ef4f1b815e68b0e83.jpg,Mass,330,492,425,570,1024,1024
00006558_000_jpg.rf.9f3ffb9d84d7c22ef4f1b815e68b0e83.jpg,Mass,204,543,319,650,1024,1024
00006558_000_jpg.rf.9f3ffb9d84d7c22ef4f1b815e68b0e83.jpg,Mass,574,391,727,515,1024,1024
00006558_000_jpg.rf.9f3ffb9d84d7c22ef4f1b815e68b0e83.jpg,Mass,699,326,749,380,1024,1024
00006558_000_jpg.rf.9f3ffb9d84d7c22ef4f1b815e68b0e83.jpg,Mass,737,567,788,625,1024,1024
00006558_000_jpg.rf.9f3ffb9d84d7c22ef4f1b815e68b0e83.jpg,Mass,209,268,419,478,1024,1024
00006829_010_jpg.rf.9b2055b2b88ecf2caf9751aca590ebaa.jpg,Mass,665,158,817,329,1024,1024
00006829_010_jpg.rf.9b2055b2b88ecf2caf9751aca590ebaa.jpg,Mass,160,429,223,496,1024,1024
00006829_010_jpg.rf.9b2055b2b88ecf2caf9751aca590ebaa.jpg,Mass,826,485,890,551,1024,1024
00006829_010_jpg.rf.9b2055b2b88ecf2caf9751aca590ebaa.jpg,Mass,317,282,472,402,1024,1024
00006829_010_jpg.rf.9b2055b2b88ecf2caf9751aca590ebaa.jpg,Mass,743,334,856,446,1024,1024
00006829_010_jpg.rf.9b2055b2b88ecf2caf9751aca590ebaa.jpg,Mass,247,257,305,319,1024,1024
00009604_000_jpg.rf.53ae7ff35a2a8deeafcfc2f3803f23b5.jpg,Mass,578,528,806,764,1024,1024
00009604_000_jpg.rf.53ae7ff35a2a8deeafcfc2f3803f23b5.jpg,Mass,777,293,812,344,1024,1024
00009604_000_jpg.rf.53ae7ff35a2a8deeafcfc2f3803f23b5.jpg,Mass,788,409,856,484,1024,1024
00009604_000_jpg.rf.53ae7ff35a2a8deeafcfc2f3803f23b5.jpg,Mass,774,485,831,542,1024,1024
00009604_000_jpg.rf.53ae7ff35a2a8deeafcfc2f3803f23b5.jpg,Mass,806,545,896,648,1024,1024
00009604_000_jpg.rf.53ae7ff35a2a8deeafcfc2f3803f23b5.jpg,Mass,331,639,452,763,1024,1024
00009604_000_jpg.rf.53ae7ff35a2a8deeafcfc2f3803f23b5.jpg,Mass,198,572,259,629,1024,1024
00009604_000_jpg.rf.53ae7ff35a2a8deeafcfc2f3803f23b5.jpg,Mass,259,532,309,586,1024,1024
00009604_000_jpg.rf.53ae7ff35a2a8deeafcfc2f3803f23b5.jpg,Mass,333,476,392,535,1024,1024
00009604_000_jpg.rf.53ae7ff35a2a8deeafcfc2f3803f23b5.jpg,Mass,311,514,388,597,1024,1024
00009604_000_jpg.rf.53ae7ff35a2a8deeafcfc2f3803f23b5.jpg,Mass,339,366,417,454,1024,1024
00009671_001_jpg.rf.9b9ca81c32012831dd5798f22285d235.jpg,Mass,605,213,774,412,1024,1024
00009671_001_jpg.rf.9b9ca81c32012831dd5798f22285d235.jpg,Mass,383,382,467,471,1024,1024
00009671_001_jpg.rf.9b9ca81c32012831dd5798f22285d235.jpg,Mass,334,445,430,559,1024,1024
00009671_001_jpg.rf.9b9ca81c32012831dd5798f22285d235.jpg,Mass,273,670,355,770,1024,1024
00009671_001_jpg.rf.9b9ca81c32012831dd5798f22285d235.jpg,Mass,251,764,353,855,1024,1024
00010277_000_jpg.rf.8096cf2b72c9a1a70d47724e7c95da33.jpg,Mass,674,410,915,664,1024,1024
00011811_000_jpg.rf.d99bf4ea1dfb0bb1872baded103c7a0d.jpg,Mass,193,370,254,448,1024,1024
00011811_000_jpg.rf.d99bf4ea1dfb0bb1872baded103c7a0d.jpg,Mass,286,390,334,437,1024,1024
00011811_000_jpg.rf.d99bf4ea1dfb0bb1872baded103c7a0d.jpg,Mass,389,326,474,490,1024,1024
00011811_000_jpg.rf.d99bf4ea1dfb0bb1872baded103c7a0d.jpg,Mass,592,462,848,745,1024,1024
00011811_000_jpg.rf.d99bf4ea1dfb0bb1872baded103c7a0d.jpg,Mass,580,142,698,282,1024,1024
00011811_000_jpg.rf.d99bf4ea1dfb0bb1872baded103c7a0d.jpg,Mass,654,338,787,446,1024,1024
00011811_000_jpg.rf.d99bf4ea1dfb0bb1872baded103c7a0d.jpg,Mass,193,489,373,625,1024,1024
00011811_000_jpg.rf.d99bf4ea1dfb0bb1872baded103c7a0d.jpg,Mass,178,631,312,712,1024,1024
00011811_000_jpg.rf.d99bf4ea1dfb0bb1872baded103c7a0d.jpg,Mass,292,274,380,357,1024,1024
00011811_004_jpg.rf.3b8c6451f3285ac7eb6e46374d9d84a6.jpg,Mass,654,379,785,481,1024,1024
00011811_004_jpg.rf.3b8c6451f3285ac7eb6e46374d9d84a6.jpg,Mass,799,402,900,514,1024,1024
00011811_004_jpg.rf.3b8c6451f3285ac7eb6e46374d9d84a6.jpg,Mass,616,473,912,814,1024,1024
00011811_004_jpg.rf.3b8c6451f3285ac7eb6e46374d9d84a6.jpg,Mass,597,194,732,337,1024,1024
00011811_004_jpg.rf.3b8c6451f3285ac7eb6e46374d9d84a6.jpg,Mass,397,351,492,515,1024,1024
00011811_004_jpg.rf.3b8c6451f3285ac7eb6e46374d9d84a6.jpg,Mass,223,401,305,479,1024,1024
00011811_004_jpg.rf.3b8c6451f3285ac7eb6e46374d9d84a6.jpg,Mass,322,302,394,379,1024,1024
00011811_004_jpg.rf.3b8c6451f3285ac7eb6e46374d9d84a6.jpg,Mass,223,639,366,734,1024,1024
00011811_004_jpg.rf.3b8c6451f3285ac7eb6e46374d9d84a6.jpg,Mass,215,521,444,637,1024,1024
00012604_002_jpg.rf.8e9877ead996c124579d0bf1c0ab22ed.jpg,Mass,286,532,406,673,1024,1024
00012604_002_jpg.rf.8e9877ead996c124579d0bf1c0ab22ed.jpg,Mass,164,501,314,683,1024,1024
00012604_002_jpg.rf.8e9877ead996c124579d0bf1c0ab22ed.jpg,Mass,322,395,441,515,1024,1024
00012604_002_jpg.rf.8e9877ead996c124579d0bf1c0ab22ed.jpg,Mass,597,327,688,387,1024,1024
00012604_002_jpg.rf.8e9877ead996c124579d0bf1c0ab22ed.jpg,Mass,654,410,781,542,1024,1024
00012604_002_jpg.rf.8e9877ead996c124579d0bf1c0ab22ed.jpg,Mass,712,559,843,654,1024,1024
00012924_000_jpg.rf.cf09bb18cb1d3b97ea8d75e57069eb3d.jpg,Mass,309,661,381,739,1024,1024
00012924_000_jpg.rf.cf09bb18cb1d3b97ea8d75e57069eb3d.jpg,Mass,602,388,668,465,1024,1024
00012924_000_jpg.rf.cf09bb18cb1d3b97ea8d75e57069eb3d.jpg,Mass,243,489,391,615,1024,1024
00012924_000_jpg.rf.cf09bb18cb1d3b97ea8d75e57069eb3d.jpg,Mass,417,388,471,467,1024,1024
00012924_000_jpg.rf.cf09bb18cb1d3b97ea8d75e57069eb3d.jpg,Mass,386,645,428,700,1024,1024
00013499_000_jpg.rf.41bf738bae5b70ace6e46e6b94c1ce02.jpg,Mass,633,204,704,265,1024,1024
00013499_000_jpg.rf.41bf738bae5b70ace6e46e6b94c1ce02.jpg,Mass,683,274,762,340,1024,1024
00013499_000_jpg.rf.41bf738bae5b70ace6e46e6b94c1ce02.jpg,Mass,485,243,755,501,1024,1024
00013499_000_jpg.rf.41bf738bae5b70ace6e46e6b94c1ce02.jpg,Mass,544,507,787,675,1024,1024
00013499_000_jpg.rf.41bf738bae5b70ace6e46e6b94c1ce02.jpg,Mass,173,551,261,629,1024,1024
00013499_000_jpg.rf.41bf738bae5b70ace6e46e6b94c1ce02.jpg,Mass,228,313,275,363,1024,1024
00013499_000_jpg.rf.41bf738bae5b70ace6e46e6b94c1ce02.jpg,Mass,229,625,317,701,1024,1024
00013499_000_jpg.rf.41bf738bae5b70ace6e46e6b94c1ce02.jpg,Mass,341,614,417,686,1024,1024
00013499_000_jpg.rf.41bf738bae5b70ace6e46e6b94c1ce02.jpg,Mass,262,416,311,485,1024,1024
00013499_000_jpg.rf.41bf738bae5b70ace6e46e6b94c1ce02.jpg,Mass,246,348,413,520,1024,1024
00014397_014_jpg.rf.67e63f08aa5a7eb28c6ba42486c85099.jpg,Mass,186,575,323,672,1024,1024
00014397_014_jpg.rf.67e63f08aa5a7eb28c6ba42486c85099.jpg,Mass,632,478,696,539,1024,1024
00014397_014_jpg.rf.67e63f08aa5a7eb28c6ba42486c85099.jpg,Mass,768,388,812,445,1024,1024
00014397_014_jpg.rf.67e63f08aa5a7eb28c6ba42486c85099.jpg,Mass,741,520,815,559,1024,1024
00014397_014_jpg.rf.67e63f08aa5a7eb28c6ba42486c85099.jpg,Mass,887,614,951,680,1024,1024
00014397_014_jpg.rf.67e63f08aa5a7eb28c6ba42486c85099.jpg,Mass,787,576,865,644,1024,1024
00014397_014_jpg.rf.67e63f08aa5a7eb28c6ba42486c85099.jpg,Mass,261,247,300,294,1024,1024
00014397_014_jpg.rf.67e63f08aa5a7eb28c6ba42486c85099.jpg,Mass,279,291,380,376,1024,1024
00014397_014_jpg.rf.67e63f08aa5a7eb28c6ba42486c85099.jpg,Mass,173,413,264,495,1024,1024
00014397_014_jpg.rf.67e63f08aa5a7eb28c6ba42486c85099.jpg,Mass,279,434,362,503,1024,1024
00014397_014_jpg.rf.67e63f08aa5a7eb28c6ba42486c85099.jpg,Mass,204,501,275,556,1024,1024
00014397_014_jpg.rf.67e63f08aa5a7eb28c6ba42486c85099.jpg,Mass,267,557,314,595,1024,1024
00014663_017_jpg.rf.4a08827890d807ef3b23688ba8a9ff78.jpg,Mass,735,606,779,658,1024,1024
00014663_017_jpg.rf.4a08827890d807ef3b23688ba8a9ff78.jpg,Mass,641,503,752,598,1024,1024
00014663_017_jpg.rf.4a08827890d807ef3b23688ba8a9ff78.jpg,Mass,236,711,353,814,1024,1024
00014663_017_jpg.rf.4a08827890d807ef3b23688ba8a9ff78.jpg,Mass,765,520,798,559,1024,1024
00014663_017_jpg.rf.4a08827890d807ef3b23688ba8a9ff78.jpg,Mass,240,520,353,618,1024,1024
00014663_017_jpg.rf.4a08827890d807ef3b23688ba8a9ff78.jpg,Mass,793,614,878,683,1024,1024
00014663_017_jpg.rf.4a08827890d807ef3b23688ba8a9ff78.jpg,Mass,671,698,757,803,1024,1024
00014826_000_jpg.rf.55b8b290ea21f937170cb01422ad3c2c.jpg,Mass,785,550,846,658,1024,1024
00014826_000_jpg.rf.55b8b290ea21f937170cb01422ad3c2c.jpg,Mass,287,528,445,722,1024,1024
00014826_000_jpg.rf.55b8b290ea21f937170cb01422ad3c2c.jpg,Mass,721,415,791,529,1024,1024
00015112_000_jpg.rf.1206be050e1c663a964cb6bcb12b3bf6.jpg,Mass,322,686,411,792,1024,1024
00015112_000_jpg.rf.1206be050e1c663a964cb6bcb12b3bf6.jpg,Mass,204,728,295,817,1024,1024
00015112_000_jpg.rf.1206be050e1c663a964cb6bcb12b3bf6.jpg,Mass,129,788,209,866,1024,1024
00015112_000_jpg.rf.1206be050e1c663a964cb6bcb12b3bf6.jpg,Mass,641,489,820,669,1024,1024
00015112_000_jpg.rf.1206be050e1c663a964cb6bcb12b3bf6.jpg,Mass,758,694,832,766,1024,1024
00015792_008_jpg.rf.cb02fa17635ecb845de46b12086cb584.jpg,Mass,170,670,353,803,1024,1024
00015792_008_jpg.rf.cb02fa17635ecb845de46b12086cb584.jpg,Mass,672,626,821,734,1024,1024
00015792_008_jpg.rf.cb02fa17635ecb845de46b12086cb584.jpg,Mass,713,416,804,503,1024,1024
00015792_008_jpg.rf.cb02fa17635ecb845de46b12086cb584.jpg,Mass,718,514,810,600,1024,1024
00015792_008_jpg.rf.cb02fa17635ecb845de46b12086cb584.jpg,Mass,591,219,666,282,1024,1024
00015792_008_jpg.rf.cb02fa17635ecb845de46b12086cb584.jpg,Mass,350,321,452,404,1024,1024
00015792_008_jpg.rf.cb02fa17635ecb845de46b12086cb584.jpg,Mass,273,346,331,407,1024,1024
00015792_008_jpg.rf.cb02fa17635ecb845de46b12086cb584.jpg,Mass,298,445,424,535,1024,1024
00015792_008_jpg.rf.cb02fa17635ecb845de46b12086cb584.jpg,Mass,281,546,405,633,1024,1024
00015792_008_jpg.rf.cb02fa17635ecb845de46b12086cb584.jpg,Mass,142,573,226,661,1024,1024
00015792_008_jpg.rf.cb02fa17635ecb845de46b12086cb584.jpg,Mass,353,197,422,265,1024,1024
00016117_000_jpg.rf.9aebd46ba3baf3f2e0a426f68e16ce8a.jpg,Mass,129,438,400,838,1024,1024
00016481_000_jpg.rf.fee02618d49811b081d99ebdac802ab9.jpg,Mass,173,651,283,759,1024,1024
00016481_000_jpg.rf.fee02618d49811b081d99ebdac802ab9.jpg,Mass,323,503,403,579,1024,1024
00016481_000_jpg.rf.fee02618d49811b081d99ebdac802ab9.jpg,Mass,251,332,417,492,1024,1024
00016481_000_jpg.rf.fee02618d49811b081d99ebdac802ab9.jpg,Mass,635,413,784,570,1024,1024
00016481_000_jpg.rf.fee02618d49811b081d99ebdac802ab9.jpg,Mass,760,380,906,534,1024,1024
00016481_000_jpg.rf.fee02618d49811b081d99ebdac802ab9.jpg,Mass,120,515,217,606,1024,1024
00016481_000_jpg.rf.fee02618d49811b081d99ebdac802ab9.jpg,Mass,232,525,278,601,1024,1024
00016551_000_jpg.rf.6e8f7495c777ad24ebdff0b9249a3a0f.jpg,Nodule,803,688,848,726,1024,1024
00016551_000_jpg.rf.6e8f7495c777ad24ebdff0b9249a3a0f.jpg,Mass,236,863,344,958,1024,1024
00016551_000_jpg.rf.6e8f7495c777ad24ebdff0b9249a3a0f.jpg,Mass,272,542,422,661,1024,1024
00016551_000_jpg.rf.6e8f7495c777ad24ebdff0b9249a3a0f.jpg,Nodule,217,515,269,572,1024,1024
00016551_000_jpg.rf.6e8f7495c777ad24ebdff0b9249a3a0f.jpg,Nodule,213,707,250,741,1024,1024
00016551_000_jpg.rf.6e8f7495c777ad24ebdff0b9249a3a0f.jpg,Nodule,276,729,344,810,1024,1024
00016551_000_jpg.rf.6e8f7495c777ad24ebdff0b9249a3a0f.jpg,Nodule,145,511,198,562,1024,1024
00016551_000_jpg.rf.6e8f7495c777ad24ebdff0b9249a3a0f.jpg,Nodule,767,685,796,730,1024,1024
00016551_000_jpg.rf.6e8f7495c777ad24ebdff0b9249a3a0f.jpg,Nodule,714,711,763,770,1024,1024
00016551_000_jpg.rf.6e8f7495c777ad24ebdff0b9249a3a0f.jpg,Nodule,815,623,863,666,1024,1024
00016551_000_jpg.rf.6e8f7495c777ad24ebdff0b9249a3a0f.jpg,Nodule,703,546,747,583,1024,1024
00016551_000_jpg.rf.6e8f7495c777ad24ebdff0b9249a3a0f.jpg,Nodule,707,448,762,482,1024,1024
00016551_000_jpg.rf.6e8f7495c777ad24ebdff0b9249a3a0f.jpg,Nodule,688,807,739,857,1024,1024
00016551_000_jpg.rf.6e8f7495c777ad24ebdff0b9249a3a0f.jpg,Nodule,572,595,646,658,1024,1024
00016971_000_jpg.rf.e8e3fec04590b3cc460a6b8e4ed6d344.jpg,Mass,698,392,939,680,1024,1024
00016971_012_jpg.rf.4f5aa15f83f59da5aeaf7bee25153d86.jpg,Mass,725,377,949,722,1024,1024
00017031_000_jpg.rf.d67356806bd4b3a2154214c063a03c7f.jpg,Nodule,349,257,425,313,1024,1024
00017031_000_jpg.rf.d67356806bd4b3a2154214c063a03c7f.jpg,Nodule,261,528,328,590,1024,1024
00017031_000_jpg.rf.d67356806bd4b3a2154214c063a03c7f.jpg,Nodule,799,490,845,546,1024,1024
00017031_000_jpg.rf.d67356806bd4b3a2154214c063a03c7f.jpg,Nodule,741,407,801,471,1024,1024
00017031_000_jpg.rf.d67356806bd4b3a2154214c063a03c7f.jpg,Nodule,594,265,650,311,1024,1024
00017031_000_jpg.rf.d67356806bd4b3a2154214c063a03c7f.jpg,Nodule,363,355,456,437,1024,1024
00017031_000_jpg.rf.d67356806bd4b3a2154214c063a03c7f.jpg,Nodule,339,422,404,504,1024,1024
00017313_006_jpg.rf.5b7a31b8317f886b5104fdd3dd6f9ab5.jpg,Mass,160,508,468,743,1024,1024
00018171_000_jpg.rf.a34113e1eade898b8c6139063599dfaa.jpg,Mass,558,526,732,689,1024,1024
00018171_000_jpg.rf.a34113e1eade898b8c6139063599dfaa.jpg,Nodule,314,415,430,535,1024,1024
00018171_000_jpg.rf.a34113e1eade898b8c6139063599dfaa.jpg,Nodule,632,412,674,474,1024,1024
00018171_000_jpg.rf.a34113e1eade898b8c6139063599dfaa.jpg,Nodule,261,494,318,562,1024,1024
00018171_000_jpg.rf.a34113e1eade898b8c6139063599dfaa.jpg,Nodule,136,605,188,644,1024,1024
00018171_000_jpg.rf.a34113e1eade898b8c6139063599dfaa.jpg,Nodule,322,576,374,655,1024,1024
00018171_000_jpg.rf.a34113e1eade898b8c6139063599dfaa.jpg,Nodule,319,239,407,322,1024,1024
00018331_003_jpg.rf.9b1c71d3ce3b2d36b2f364d55c8153c2.jpg,Nodule,778,504,861,612,1024,1024
00018331_003_jpg.rf.9b1c71d3ce3b2d36b2f364d55c8153c2.jpg,Nodule,801,233,853,317,1024,1024
00018331_003_jpg.rf.9b1c71d3ce3b2d36b2f364d55c8153c2.jpg,Nodule,762,326,803,463,1024,1024
00018331_003_jpg.rf.9b1c71d3ce3b2d36b2f364d55c8153c2.jpg,Nodule,821,375,872,437,1024,1024
00018331_003_jpg.rf.9b1c71d3ce3b2d36b2f364d55c8153c2.jpg,Nodule,818,618,872,653,1024,1024
00018331_003_jpg.rf.9b1c71d3ce3b2d36b2f364d55c8153c2.jpg,Nodule,363,451,434,517,1024,1024
00018331_003_jpg.rf.9b1c71d3ce3b2d36b2f364d55c8153c2.jpg,Nodule,375,523,451,573,1024,1024
00018331_003_jpg.rf.9b1c71d3ce3b2d36b2f364d55c8153c2.jpg,Nodule,285,508,333,564,1024,1024
00018331_003_jpg.rf.9b1c71d3ce3b2d36b2f364d55c8153c2.jpg,Nodule,262,404,333,481,1024,1024
00018331_003_jpg.rf.9b1c71d3ce3b2d36b2f364d55c8153c2.jpg,Nodule,172,485,243,537,1024,1024
00018331_003_jpg.rf.9b1c71d3ce3b2d36b2f364d55c8153c2.jpg,Nodule,190,549,246,586,1024,1024
00018331_003_jpg.rf.9b1c71d3ce3b2d36b2f364d55c8153c2.jpg,Nodule,202,423,254,470,1024,1024
00018331_003_jpg.rf.9b1c71d3ce3b2d36b2f364d55c8153c2.jpg,Nodule,172,278,213,319,1024,1024
00018331_003_jpg.rf.9b1c71d3ce3b2d36b2f364d55c8153c2.jpg,Nodule,147,524,192,568,1024,1024
00018331_003_jpg.rf.9b1c71d3ce3b2d36b2f364d55c8153c2.jpg,Nodule,642,330,709,400,1024,1024
00018331_003_jpg.rf.9b1c71d3ce3b2d36b2f364d55c8153c2.jpg,Nodule,771,623,812,676,1024,1024
00018331_003_jpg.rf.9b1c71d3ce3b2d36b2f364d55c8153c2.jpg,Nodule,739,269,766,310,1024,1024
00018331_003_jpg.rf.9b1c71d3ce3b2d36b2f364d55c8153c2.jpg,Mass,134,328,254,419,1024,1024
00018331_003_jpg.rf.9b1c71d3ce3b2d36b2f364d55c8153c2.jpg,Mass,283,255,389,397,1024,1024
00018331_003_jpg.rf.9b1c71d3ce3b2d36b2f364d55c8153c2.jpg,Nodule,659,224,719,289,1024,1024
00018588_001_jpg.rf.548d4325d3039b412b64c11a816cb0db.jpg,Mass,261,415,474,610,1024,1024
00018588_002_jpg.rf.2ef122c7b495fdb5e74a63a63cc512ae.jpg,Mass,214,423,419,672,1024,1024
00018588_003_jpg.rf.1bd26c8661e35621929fd67e90e5c54d.jpg,Mass,228,464,420,733,1024,1024
00018588_005_jpg.rf.a78bbbfab38b4e9ef9df2d4279a738a2.jpg,Mass,206,456,457,661,1024,1024
00019373_022_jpg.rf.f259e614c797510c551add960c08829d.jpg,Nodule,393,511,482,599,1024,1024
00019373_022_jpg.rf.f259e614c797510c551add960c08829d.jpg,Mass,164,364,381,710,1024,1024
00019373_022_jpg.rf.f259e614c797510c551add960c08829d.jpg,Nodule,321,400,364,455,1024,1024
00019373_022_jpg.rf.f259e614c797510c551add960c08829d.jpg,Nodule,343,513,378,562,1024,1024
00019373_022_jpg.rf.f259e614c797510c551add960c08829d.jpg,Nodule,395,381,470,501,1024,1024
00019373_033_jpg.rf.5bf8302732b3a503a2a3bb1911d525d5.jpg,Mass,136,620,262,711,1024,1024
00019373_033_jpg.rf.5bf8302732b3a503a2a3bb1911d525d5.jpg,Mass,203,404,425,617,1024,1024
00019373_037_jpg.rf.e38faf6e35dec42fd920d74463a24762.jpg,Mass,268,341,448,532,1024,1024
00019373_037_jpg.rf.e38faf6e35dec42fd920d74463a24762.jpg,Mass,182,539,309,662,1024,1024
00020938_001_jpg.rf.57d0b1584e0099c8306366e5a3145822.jpg,Mass,220,552,399,730,1024,1024
00020987_000_jpg.rf.17f734035ec1d5c78ecb4edb5254f9be.jpg,Mass,268,467,377,598,1024,1024
00020987_000_jpg.rf.17f734035ec1d5c78ecb4edb5254f9be.jpg,Mass,236,370,300,446,1024,1024
00020987_000_jpg.rf.17f734035ec1d5c78ecb4edb5254f9be.jpg,Mass,207,463,268,546,1024,1024
00020987_000_jpg.rf.17f734035ec1d5c78ecb4edb5254f9be.jpg,Mass,242,603,401,818,1024,1024
00020987_000_jpg.rf.17f734035ec1d5c78ecb4edb5254f9be.jpg,Mass,120,719,254,905,1024,1024
00020987_000_jpg.rf.17f734035ec1d5c78ecb4edb5254f9be.jpg,Mass,191,549,328,789,1024,1024
00020987_000_jpg.rf.17f734035ec1d5c78ecb4edb5254f9be.jpg,Mass,399,434,479,538,1024,1024
00020987_000_jpg.rf.17f734035ec1d5c78ecb4edb5254f9be.jpg,Mass,261,724,430,931,1024,1024
00020987_000_jpg.rf.17f734035ec1d5c78ecb4edb5254f9be.jpg,Mass,743,702,853,853,1024,1024
00020987_000_jpg.rf.17f734035ec1d5c78ecb4edb5254f9be.jpg,Mass,207,291,288,374,1024,1024
00020987_000_jpg.rf.17f734035ec1d5c78ecb4edb5254f9be.jpg,Mass,307,319,415,457,1024,1024
00020987_000_jpg.rf.17f734035ec1d5c78ecb4edb5254f9be.jpg,Mass,685,557,811,685,1024,1024
00020987_000_jpg.rf.17f734035ec1d5c78ecb4edb5254f9be.jpg,Mass,676,395,825,519,1024,1024
00020987_000_jpg.rf.17f734035ec1d5c78ecb4edb5254f9be.jpg,Mass,821,799,946,942,1024,1024
00022359_002_jpg.rf.f53e2af390857de519f34ea2a0fc63c9.jpg,Mass,108,527,367,830,1024,1024
00022359_002_jpg.rf.f53e2af390857de519f34ea2a0fc63c9.jpg,Nodule,688,512,786,562,1024,1024
00022359_002_jpg.rf.f53e2af390857de519f34ea2a0fc63c9.jpg,Nodule,169,422,240,516,1024,1024
00022359_002_jpg.rf.f53e2af390857de519f34ea2a0fc63c9.jpg,Nodule,306,419,384,516,1024,1024
00022837_030_jpg.rf.421c4e9348894e08faf91987680e205f.jpg,Mass,668,385,807,560,1024,1024
00022837_030_jpg.rf.421c4e9348894e08faf91987680e205f.jpg,Mass,688,713,822,886,1024,1024
00022837_030_jpg.rf.421c4e9348894e08faf91987680e205f.jpg,Mass,165,205,446,664,1024,1024
00023225_000_jpg.rf.7833a7dcad0d37092833274891c4a0a1.jpg,Nodule,709,298,763,341,1024,1024
00023225_000_jpg.rf.7833a7dcad0d37092833274891c4a0a1.jpg,Nodule,176,670,231,717,1024,1024
00023225_000_jpg.rf.7833a7dcad0d37092833274891c4a0a1.jpg,Nodule,337,640,425,698,1024,1024
00023225_000_jpg.rf.7833a7dcad0d37092833274891c4a0a1.jpg,Nodule,126,688,168,739,1024,1024
00023225_000_jpg.rf.7833a7dcad0d37092833274891c4a0a1.jpg,Nodule,86,687,120,747,1024,1024
00023225_000_jpg.rf.7833a7dcad0d37092833274891c4a0a1.jpg,Nodule,160,603,222,655,1024,1024
00023225_000_jpg.rf.7833a7dcad0d37092833274891c4a0a1.jpg,Nodule,218,640,259,692,1024,1024
00023225_000_jpg.rf.7833a7dcad0d37092833274891c4a0a1.jpg,Nodule,363,429,422,500,1024,1024
00023225_000_jpg.rf.7833a7dcad0d37092833274891c4a0a1.jpg,Nodule,763,517,855,620,1024,1024
00023225_000_jpg.rf.7833a7dcad0d37092833274891c4a0a1.jpg,Nodule,734,358,778,422,1024,1024
00023225_000_jpg.rf.7833a7dcad0d37092833274891c4a0a1.jpg,Nodule,702,221,754,278,1024,1024
00023313_006_jpg.rf.cb81e638097c422a46bb8d05096d9e7b.jpg,Mass,711,364,870,562,1024,1024
00023313_010_jpg.rf.0f245470d2fedd96232cb268172743f2.jpg,Mass,752,445,924,638,1024,1024
00025206_001_jpg.rf.dd35b5b297dd4e2bae2028b129642f7f.jpg,Mass,235,251,491,601,1024,1024
00025206_002_jpg.rf.2d4e7395f3ad1012fc040f39918d9534.jpg,Nodule,756,541,822,591,1024,1024
00025206_002_jpg.rf.2d4e7395f3ad1012fc040f39918d9534.jpg,Nodule,769,358,829,427,1024,1024
00025206_002_jpg.rf.2d4e7395f3ad1012fc040f39918d9534.jpg,Nodule,729,400,782,472,1024,1024
00025206_002_jpg.rf.2d4e7395f3ad1012fc040f39918d9534.jpg,Nodule,677,633,758,718,1024,1024
00025206_002_jpg.rf.2d4e7395f3ad1012fc040f39918d9534.jpg,Nodule,613,658,668,724,1024,1024
00025206_002_jpg.rf.2d4e7395f3ad1012fc040f39918d9534.jpg,Mass,298,288,506,573,1024,1024
00026573_000_jpg.rf.c2b877204cc26acee87caea7b0e4da62.jpg,Mass,594,414,784,594,1024,1024
00026573_000_jpg.rf.c2b877204cc26acee87caea7b0e4da62.jpg,Mass,138,576,263,698,1024,1024
00026573_000_jpg.rf.c2b877204cc26acee87caea7b0e4da62.jpg,Mass,778,497,924,665,1024,1024
00026843_000_jpg.rf.57591d4ca4bca01753bbdf924b4ae6b5.jpg,Mass,672,292,767,375,1024,1024
00026843_000_jpg.rf.57591d4ca4bca01753bbdf924b4ae6b5.jpg,Mass,598,192,680,276,1024,1024
00026843_000_jpg.rf.57591d4ca4bca01753bbdf924b4ae6b5.jpg,Mass,790,549,878,629,1024,1024
00026843_000_jpg.rf.57591d4ca4bca01753bbdf924b4ae6b5.jpg,Mass,593,401,741,549,1024,1024
00026843_000_jpg.rf.57591d4ca4bca01753bbdf924b4ae6b5.jpg,Mass,744,352,837,491,1024,1024
00026843_000_jpg.rf.57591d4ca4bca01753bbdf924b4ae6b5.jpg,Mass,272,411,380,516,1024,1024
00026843_000_jpg.rf.57591d4ca4bca01753bbdf924b4ae6b5.jpg,Mass,325,485,441,583,1024,1024
00026843_000_jpg.rf.57591d4ca4bca01753bbdf924b4ae6b5.jpg,Mass,198,517,311,624,1024,1024
00026843_000_jpg.rf.57591d4ca4bca01753bbdf924b4ae6b5.jpg,Mass,184,445,232,511,1024,1024
00026843_000_jpg.rf.57591d4ca4bca01753bbdf924b4ae6b5.jpg,Mass,441,319,511,378,1024,1024
00026843_000_jpg.rf.57591d4ca4bca01753bbdf924b4ae6b5.jpg,Mass,377,259,433,359,1024,1024
00026843_000_jpg.rf.57591d4ca4bca01753bbdf924b4ae6b5.jpg,Mass,247,325,291,386,1024,1024
00026843_000_jpg.rf.57591d4ca4bca01753bbdf924b4ae6b5.jpg,Mass,291,318,362,370,1024,1024
00026843_000_jpg.rf.57591d4ca4bca01753bbdf924b4ae6b5.jpg,Mass,214,244,274,307,1024,1024
00026843_000_jpg.rf.57591d4ca4bca01753bbdf924b4ae6b5.jpg,Mass,722,202,756,261,1024,1024
00026843_000_jpg.rf.57591d4ca4bca01753bbdf924b4ae6b5.jpg,Mass,760,232,810,299,1024,1024
00026844_000_jpg.rf.c43c06c4582a073aa8c6059e891114de.jpg,Nodule,266,440,332,501,1024,1024
00026844_000_jpg.rf.c43c06c4582a073aa8c6059e891114de.jpg,Nodule,618,489,661,572,1024,1024
00026844_000_jpg.rf.c43c06c4582a073aa8c6059e891114de.jpg,Nodule,389,385,463,474,1024,1024
00026844_000_jpg.rf.c43c06c4582a073aa8c6059e891114de.jpg,Nodule,340,375,371,418,1024,1024
00026844_000_jpg.rf.c43c06c4582a073aa8c6059e891114de.jpg,Nodule,250,569,310,617,1024,1024
00026844_000_jpg.rf.c43c06c4582a073aa8c6059e891114de.jpg,Nodule,329,590,404,681,1024,1024
00026844_000_jpg.rf.c43c06c4582a073aa8c6059e891114de.jpg,Nodule,650,348,710,444,1024,1024
00026844_000_jpg.rf.c43c06c4582a073aa8c6059e891114de.jpg,Mass,623,633,810,806,1024,1024
00026993_000_jpg.rf.f377546338c1b520cac4f89a037df4c9.jpg,Mass,356,218,448,322,1024,1024
00026993_000_jpg.rf.f377546338c1b520cac4f89a037df4c9.jpg,Mass,644,614,728,722,1024,1024
00026993_000_jpg.rf.f377546338c1b520cac4f89a037df4c9.jpg,Mass,657,520,763,628,1024,1024
00026993_000_jpg.rf.f377546338c1b520cac4f89a037df4c9.jpg,Mass,635,254,729,397,1024,1024
00026993_000_jpg.rf.f377546338c1b520cac4f89a037df4c9.jpg,Mass,806,446,892,562,1024,1024
00026993_000_jpg.rf.f377546338c1b520cac4f89a037df4c9.jpg,Mass,762,609,837,702,1024,1024
00027278_000_jpg.rf.35debb72345f18b7ef552daf3158ba67.jpg,Nodule,687,274,717,310,1024,1024
00027278_000_jpg.rf.35debb72345f18b7ef552daf3158ba67.jpg,Nodule,643,324,703,401,1024,1024
00027278_000_jpg.rf.35debb72345f18b7ef552daf3158ba67.jpg,Mass,287,328,485,509,1024,1024
